state,prominent_pollutants,days_tracked,rank_desc,rank_asc
Andhra Pradesh,"CO,O3",7,17.0,2.0
Andhra Pradesh,"PM10,NO2,O3",1,18.0,1.0
Andhra Pradesh,"PM10,NO2,PM2.5,O3",1,18.0,1.0
Andhra Pradesh,"PM2.5,CO,O3",1,18.0,1.0
Karnataka,"NO2,O3",1,23.0,1.0
Karnataka,"NO2,SO2,CO",1,23.0,1.0
Karnataka,"PM10,CO,SO2",1,23.0,1.0
Karnataka,"PM10,NH3",1,23.0,1.0
Karnataka,"PM10,NO2,SO3",1,23.0,1.0
Karnataka,"PM10,PM2.5,SO2",1,23.0,1.0
Karnataka,"PM2.5,CO,O3",2,22.0,2.0
Karnataka,"PM2.5,NO2",1,23.0,1.0
Karnataka,"SO2,O3",1,23.0,1.0
Kerala,"CO,O3",6,14.0,2.0
Kerala,"PM10,SO2",1,15.0,1.0
Kerala,"PM2.5,NO2",1,15.0,1.0
Tamil Nadu,"NO2,SO2",2,24.0,2.0
Tamil Nadu,"PM10,NH3,CO",1,25.0,1.0
Tamil Nadu,"PM10,NO2,PM2.5,O3",1,25.0,1.0
Tamil Nadu,"PM10,PM2.5,NO2",2,24.0,2.0
Tamil Nadu,"PM2.5,CO,NO2",1,25.0,1.0
Tamil Nadu,"PM2.5,CO,SO2",2,24.0,2.0
Tamil Nadu,"PM2.5,NH3,CO",1,25.0,1.0
Telangana,"CO,NO2",2,16.0,2.0
Telangana,"CO,O3",1,17.0,1.0
Telangana,NO2,1,17.0,1.0
Telangana,"PM2.5,NO2",1,17.0,1.0
