state,month_num,aqi_value
Andhra Pradesh,1,123.79310344827586
Andhra Pradesh,2,98.84256329113924
Andhra Pradesh,3,80.59440057430007
Andhra Pradesh,4,69.88423645320196
Andhra Pradesh,5,70.39509954058192
Andhra Pradesh,6,66.09493161705551
Andhra Pradesh,7,53.41929824561404
Andhra Pradesh,8,56.61144839549003
Andhra Pradesh,9,56.699122807017545
Andhra Pradesh,10,80.45418641390205
Andhra Pradesh,11,95.62843295638126
Andhra Pradesh,12,116.13688212927757
Bihar,1,259.2108454024924
Bihar,2,204.07888040712467
Bihar,3,170.2305118768819
Bihar,4,160.34192123665807
Bihar,5,121.33034714445688
Bihar,6,115.07276688453159
Bihar,7,76.57577197149644
Bihar,8,77.63632097606758
Bihar,9,80.0375939849624
Bihar,10,129.369287772746
Bihar,11,241.92774674115455
Bihar,12,267.7800815771584
Haryana,1,191.77317840716535
Haryana,2,159.28675363773206
Haryana,3,130.02926383173298
Haryana,4,146.46275449101796
Haryana,5,154.49437148217635
Haryana,6,135.8692905733722
Haryana,7,86.82135922330097
Haryana,8,76.4142890827635
Haryana,9,86.36824242424242
Haryana,10,174.9003623188406
Haryana,11,252.6404724051783
Haryana,12,215.40254924681344
Karnataka,1,78.41859138865127
Karnataka,2,80.18060836501901
Karnataka,3,79.04450338933097
Karnataka,4,70.03447185325743
Karnataka,5,58.393483709273184
Karnataka,6,49.43906625472022
Karnataka,7,44.17540812782216
Karnataka,8,46.58926080892608
Karnataka,9,44.851902639698324
Karnataka,10,62.40025094102886
Karnataka,11,72.93555349984582
Karnataka,12,75.32576650943396
Madhya Pradesh,1,150.35490533562822
Madhya Pradesh,2,127.37679030481087
Madhya Pradesh,3,118.0629973474801
Madhya Pradesh,4,123.88464260438782
Madhya Pradesh,5,110.23804537521815
Madhya Pradesh,6,85.15250463821893
Madhya Pradesh,7,58.43314651721377
Madhya Pradesh,8,57.42619139868268
Madhya Pradesh,9,63.49797242497972
Madhya Pradesh,10,117.96966333703293
Madhya Pradesh,11,169.1470258136925
Madhya Pradesh,12,158.53469812630118
Maharashtra,1,145.1942366306456
Maharashtra,2,133.0779529901815
Maharashtra,3,126.7445178335535
Maharashtra,4,104.24624373956594
Maharashtra,5,90.18067556952082
Maharashtra,6,69.30583613916947
Maharashtra,7,54.2239263803681
Maharashtra,8,55.774809160305345
Maharashtra,9,61.743360190987765
Maharashtra,10,104.45506747057135
Maharashtra,11,148.51736011477763
Maharashtra,12,143.3322100533558
Odisha,1,192.2334519572954
Odisha,2,148.82379862700228
Odisha,3,141.50247000705716
Odisha,4,129.28853454821564
Odisha,5,93.86026200873363
Odisha,6,90.62836624775584
Odisha,7,63.563395810363836
Odisha,8,68.10650887573965
Odisha,9,63.05072463768116
Odisha,10,91.31857451403887
Odisha,11,154.54434782608695
Odisha,12,167.95788722341186
Rajasthan,1,165.39221299742343
Rajasthan,2,137.54003843689944
Rajasthan,3,125.91745950115711
Rajasthan,4,135.37585943468295
Rajasthan,5,133.26442786069651
Rajasthan,6,114.48284449363587
Rajasthan,7,86.30860629415542
Rajasthan,8,81.24297253634894
Rajasthan,9,81.6377799415774
Rajasthan,10,128.81195025781014
Rajasthan,11,192.37415366499852
Rajasthan,12,173.00115874855157
Tamil Nadu,1,89.29036218538981
Tamil Nadu,2,82.72311827956989
Tamil Nadu,3,72.07841945288754
Tamil Nadu,4,64.79006211180125
Tamil Nadu,5,62.67786561264822
Tamil Nadu,6,60.08607198748044
Tamil Nadu,7,62.07075962539022
Tamil Nadu,8,59.44433399602386
Tamil Nadu,9,54.98242811501598
Tamil Nadu,10,63.80894886363637
Tamil Nadu,11,75.44660194174757
Tamil Nadu,12,80.73553113553113
Uttar Pradesh,1,223.3349168646081
Uttar Pradesh,2,174.90243902439025
Uttar Pradesh,3,147.2012987012987
Uttar Pradesh,4,157.242605156038
Uttar Pradesh,5,145.61903566047212
Uttar Pradesh,6,128.57904608788854
Uttar Pradesh,7,76.71187378909494
Uttar Pradesh,8,75.60504427153207
Uttar Pradesh,9,87.66297731045933
Uttar Pradesh,10,185.96770833333332
Uttar Pradesh,11,262.95734470807787
Uttar Pradesh,12,241.96701570680628
