state,total_ev_registrations,historical_aqi_mean,adoption_tier
Andaman and Nicobar Islands,849,60.523809523809526,Lower EV Adoption
Andhra Pradesh,168802,81.47050561797752,High EV Adoption
Arunachal Pradesh,3228,59.86119402985074,Lower EV Adoption
Assam,261096,114.69122082870297,High EV Adoption
Bihar,368543,165.90525632706036,High EV Adoption
Chandigarh,30500,122.82990922121357,Lower EV Adoption
Chhattisgarh,164658,77.83292583537083,Lower EV Adoption
Delhi,475286,215.89508018483284,High EV Adoption
Gujarat,370729,118.01837896031991,High EV Adoption
Haryana,221728,151.533730706983,High EV Adoption
Himachal Pradesh,19763,160.13303964757708,Lower EV Adoption
Jammu and Kashmir,44761,81.0389294403893,Lower EV Adoption
Jharkhand,107886,147.3670807453416,Lower EV Adoption
Karnataka,648776,64.28770166622587,High EV Adoption
Kerala,326014,67.51845987165598,High EV Adoption
Madhya Pradesh,277862,113.11150367008803,High EV Adoption
Maharashtra,869306,103.65965750508539,High EV Adoption
Manipur,4156,101.24651162790698,Lower EV Adoption
Meghalaya,3792,52.61634349030471,Lower EV Adoption
Mizoram,1716,45.059902200489,Lower EV Adoption
Nagaland,2830,79.11505016722408,Lower EV Adoption
Odisha,197212,123.68031439799928,High EV Adoption
Puducherry,16176,55.95757180156658,Lower EV Adoption
Punjab,152348,115.07573090837978,Lower EV Adoption
Rajasthan,410975,130.72019951326473,High EV Adoption
Sikkim,547,53.469505178365935,Lower EV Adoption
Tamil Nadu,482886,69.90073485122275,High EV Adoption
Tripura,30900,126.56566970091028,Lower EV Adoption
Uttar Pradesh,1298914,159.54228822440743,High EV Adoption
Uttarakhand,98623,86.91275988585406,Lower EV Adoption
West Bengal,179309,118.29058561897702,High EV Adoption
